{
    "label": [430002, 430003, 430004, 430005, 430009, 430010, 430011, 430014, 430015, 430016, 430017, 430019, 430020, 430021, 430022, 430025, 430028, 430029, 430031, 430032, 430033, 430034, 430037, 430038, 430041, 430042, 430044, 430048, 430051, 430052, 430053, 430054, 430055, 430056, 430057, 430058, 430059, 430060, 430061, 430062, 430063, 430064, 430065, 430066, 430067, 430068, 430069, 430070, 430071, 430072, 430075, 430076, 430077, 430079, 430081, 430082, 430083, 430084, 430085, 430086, 430088, 430089, 430090, 430091, 430093, 430094, 430095, 430096, 430097, 430098, 430099, 430100, 430102, 430103, 430104, 430105, 430106, 430107, 430108, 430109, 430110, 430111, 430112, 430113, 430114, 430116, 430117, 430118, 430119, 430120, 430122, 430123, 430124, 430125, 430126, 430127, 430131, 430132, 430133, 430134, 430135, 430136, 430137, 430138, 430139, 430141, 430142, 430143, 430144, 430145, 430146, 430147, 430148, 430149, 430151, 430153, 430155, 430156, 430157, 430158, 430159, 430160, 430161, 430163, 430164, 430165, 430166, 430167, 430168, 430169, 430170, 430171, 430172, 430173, 430175, 430176, 430177, 430178, 430179, 430182, 430183, 430184, 430185, 430186, 430187, 430188, 430189, 430190, 430191, 430193, 430194, 430195, 430197, 430198, 430199, 430200, 430201, 430204, 430205, 430206, 430207, 430208, 430209, 430210, 430212, 430214, 430215, 430216, 430217, 430218, 430219, 430221, 430222, 430223, 430224, 430225, 430226, 430227, 430229, 430232, 430233, 430234, 430235, 430236, 430237, 430238, 430239, 430241, 430242, 430245, 430246, 430247, 430250, 430251, 430252, 430253, 430254, 430255, 430256, 430257, 430258, 430260, 430261],
    "data": [
        [-0.324504765, 0.727853843],
        [-0.047628913, 0.047790348],
        [-0.066098785, -0.04274356],
        [-0.101861749, 0.363607988],
        [-0.000897522, -0.060673227],
        [-0.206187735, 0.201672016],
        [-0.111662941, 0.323041081],
        [-0.061850421, 0.041529421],
        [-0.061850421, 0.041529421],
        [-0.043546201, -0.038363868],
        [-0.165726543, -0.078023642],
        [-0.007179452, 0.081166163],
        [0.010524505, 0.005838894],
        [-0.034851871, -0.017494169],
        [-0.015275967, -0.03508994],
        [0.070760572, -0.010608006],
        [0.020857641, -0.005562464],
        [-0.059738748, -0.057354784],
        [-0.047545541, -0.037633075],
        [0.065985178, -0.01162567],
        [-0.044441344, -0.020280253],
        [-0.044441344, -0.020280253],
        [-0.034365585, -0.01268488],
        [-0.075276256, 0.088116702],
        [0.004084751, -0.067300743],
        [0.021501944, -0.04777212],
        [-0.003325943, 0.054286381],
        [-0.001132421, -0.039679268],
        [0.072660124, -0.018994656],
        [0.073251141, 0.01049195],
        [0.065636435, -0.042643905],
        [0.008158016, -0.04742005],
        [0.002872175, -0.039175798],
        [-0.022130468, 0.011588829],
        [0.011257065, -0.034972531],
        [0.011228317, -0.034970542],
        [-0.006889084, -0.075233356],
        [-0.042423148, -0.002529264],
        [-0.017177006, -0.015781726],
        [-0.032927765, -0.007048462],
        [-0.032927765, -0.007048462],
        [-0.032548327, -0.024569613],
        [0.018715722, -0.027585498],
        [0.051243903, -0.109856298],
        [-0.091083223, -0.012171328],
        [-0.038197196, -0.049588403],
        [-0.052617316, -0.207765184],
        [-0.052617316, -0.207765184],
        [0.006344859, 0.009350317],
        [0.047970788, -0.022977268],
        [-0.053701453, -0.004814851],
        [0.006587284, 0.034278484],
        [0.012162552, -0.054121474],
        [-0.012853057, 0.152987186],
        [0.095424605, 0.000647244],
        [-0.031292077, -0.033772084],
        [0.010985182, -0.027473127],
        [0.059716912, -0.031184882],
        [1.593586376, 0.279879357],
        [0.006344491, -0.047464602],
        [0.012303764, -0.075631407],
        [0.001805801, -0.052869604],
        [-0.024684114, -0.172398703],
        [0.009372992, -0.075977113],
        [0.023154645, 0.002497304],
        [-0.062464906, 0.086229689],
        [-0.04135609, -0.028539761],
        [-0.057125852, 0.030166093],
        [-0.057125852, 0.030166093],
        [0.023924554, -0.036010025],
        [0.023839494, -0.039117216],
        [-0.002540351, -0.012144698],
        [-0.051561206, -0.027731553],
        [0.063318766, -0.008632614],
        [-0.025611151, 0.016420059],
        [0.001012882, -0.015359443],
        [0.054148119, -0.018462828],
        [-0.05532921, -0.033575636],
        [0.160968286, 0.002534919],
        [-0.005980894, -0.012541085],
        [-0.024519673, -0.017523251],
        [0.022691364, -0.015724448],
        [-0.072469595, -0.069294612],
        [-0.049592667, -0.080975374],
        [0.045369651, -0.018613893],
        [-0.010327065, -0.046405248],
        [-0.010327065, -0.046405248],
        [-0.137109759, -0.052991893],
        [0.032698694, -0.053040422],
        [-0.091179419, -0.054584787],
        [0.028225307, -0.024854352],
        [0.281329718, 0.028131896],
        [0.064960304, -0.006726262],
        [-0.040528714, -0.060963669],
        [0.024907566, -0.078910034],
        [-0.013033079, 0.02541498],
        [0.894279154, 0.212173748],
        [0.707259104, 0.119197256],
        [-0.015448741, -0.03651138],
        [-0.012064208, -0.054868722],
        [-0.151655769, -0.031170544],
        [0.035334422, -0.025873074],
        [-0.204043299, 1.118226742],
        [-0.204043299, 1.118226742],
        [0.119387988, 0.003901087],
        [0.030467722, -0.016743816],
        [0.030467722, -0.016743816],
        [0.061142172, -0.010330894],
        [-0.019981721, -0.089600314],
        [-0.049891685, -0.018840776],
        [-0.112122374, -0.096025033],
        [-0.085465964, 0.004408892],
        [0.066482697, 0.012282653],
        [-0.006632058, 0.071581269],
        [-0.084140817, 0.174887002],
        [0.004618332, 0.078832748],
        [-0.020553433, -0.020669842],
        [0.019231075, -0.021671685],
        [0.157464457, -0.013105638],
        [-0.093240033, -0.048141291],
        [-0.018741485, -0.098129569],
        [-0.047012004, -0.056805484],
        [-0.045131413, -0.036299403],
        [-0.078977004, -0.031476148],
        [-0.019048617, -0.03386178],
        [-0.055198108, -0.05560803],
        [-0.102745631, 0.011548965],
        [0.066001258, 0.014781354],
        [0.005824556, -0.023646258],
        [-0.077106119, 0.038914669],
        [0.048488183, -0.008107988],
        [-0.024638091, 0.000493891],
        [-0.044045634, -0.032105033],
        [0.003559743, -0.02864755],
        [0.010805109, -0.055970889],
        [0.010805109, -0.055970889],
        [0.023113467, -0.0174794],
        [0.032878234, -0.010164037],
        [-0.032414148, -0.051346479],
        [-0.032414148, -0.051346479],
        [0.026618022, -0.02942656],
        [-0.005348805, -0.017825802],
        [-0.029592679, -0.076365573],
        [-0.013902969, -0.04442008],
        [-0.037993611, 0.101879698],
        [0.000902325, -0.022117737],
        [-0.006187142, -0.000886396],
        [0.024901502, -0.166968826],
        [0.016661193, -0.195544858],
        [-0.046208201, -0.012008211],
        [0.020368576, -0.057646409],
        [-0.001270707, 0.074230633],
        [-0.044401519, -0.085009254],
        [-0.000809936, -0.059347372],
        [-0.040419895, -0.042360815],
        [0.143972313, -0.061369106],
        [-0.018900066, -0.035640983],
        [0.014167382, -0.062435454],
        [0.068874522, -0.022629819],
        [-0.001096009, -0.012257729],
        [-0.038404402, 0.103072169],
        [-0.005816675, -0.05297306],
        [-0.054664584, -0.038272244],
        [-0.044359762, -0.042601367],
        [-0.003009433, 0.041203613],
        [0.056360673, -0.03108906],
        [-0.017223972, -0.042042423],
        [-0.038286762, -0.036090769],
        [-0.000216792, -0.038725835],
        [-0.02281026, -0.039812728],
