{
    "label": [430002, 430003, 430004, 430005, 430009, 430010, 430011, 430014, 430015, 430016, 430017, 430019, 430020, 430021, 430022, 430025, 430028, 430029, 430031, 430032, 430033, 430034, 430037, 430038, 430041, 430042, 430044, 430048, 430051, 430052, 430053, 430054, 430055, 430056, 430057, 430058, 430059, 430060, 430061, 430062, 430063, 430064, 430065, 430066, 430067, 430068, 430069, 430070, 430071, 430072, 430075, 430076, 430077, 430079, 430081, 430082, 430083, 430084, 430085, 430086, 430088, 430089, 430090, 430091, 430093, 430094, 430095, 430096, 430097, 430098, 430099, 430100, 430102, 430103, 430104, 430105, 430106, 430107, 430108, 430109, 430110, 430111, 430112, 430113, 430114, 430116, 430117, 430118, 430119, 430120, 430122, 430123, 430124, 430125, 430126, 430127, 430131, 430132, 430133, 430134, 430135, 430136, 430137, 430138, 430139, 430141, 430142, 430143, 430144, 430145, 430146, 430147, 430148, 430149, 430151, 430153, 430155, 430156, 430157, 430158, 430159, 430160, 430161, 430163, 430164, 430165, 430166, 430167, 430168, 430169, 430170, 430171, 430172, 430173, 430175, 430176, 430177, 430178, 430179, 430182, 430183, 430184, 430185, 430186, 430187, 430188, 430189, 430190, 430191, 430193, 430194, 430195, 430197, 430198, 430199, 430200, 430201, 430204, 430205, 430206, 430207, 430208, 430209, 430210, 430212, 430214, 430215, 430216, 430217, 430218, 430219, 430221, 430222, 430223, 430224, 430225, 430226, 430227, 430229, 430232, 430233, 430234, 430235, 430236, 430237, 430238, 430239, 430241, 430242, 430245, 430246, 430247, 430250, 430251, 430252, 430253, 430254, 430255, 430256, 430257, 430258, 430260, 430261],
    "data": [
        [4.05496328e+02, 1.14255288e+01],
        [4.12893254e+02, 1.17749808e+01],
        [4.15251203e+02, 1.21401935e+01],
        [4.09204594e+02, 1.00979805e+01],
        [4.12760689e+02, 9.95040467e+00],
        [4.12387099e+02, 1.24981339e+01],
        [-1.66787656e+03, 1.03407451e+01],
        [4.11235334e+02, 1.14109699e+01],
        [3.94978234e+02, 1.18830238e+01],
        [4.14200136e+02, 1.24919433e+01],
        [4.06812620e+02, 9.97979435e+00],
        [4.10204334e+02, 6.84994630e+00],
        [4.15071127e+02, 1.18823378e+01],
        [4.08097677e+02, 9.85323566e+00],
        [4.13649156e+02, -5.72163218e+00],
        [4.14000235e+02, 7.37150427e+00],
        [4.12358329e+02, 1.15466367e+01],
        [4.05156184e+02, 1.21735843e+01],
        [4.14010726e+02, -4.65030311e+00],
        [4.10182228e+02, 1.19118852e+01],
        [4.14606373e+02, 1.13057791e+01],
        [4.09772268e+02, 1.17526077e+01],
        [4.13349669e+02, 1.00638795e+01],
        [4.13587119e+02, 7.99025042e+00],
        [4.08904074e+02, 7.88657057e+00],
        [4.03353546e+02, 1.05340248e+01],
        [4.15004181e+02, -7.33102569e+00],
        [4.11434555e+02, -8.33513560e+00],
        [4.13617591e+02, -3.82702513e+00],
        [4.16033979e+02, 8.52789845e+00],
        [4.12212579e+02, 1.06677670e+01],
        [4.10542277e+02, 1.16792442e+01],
        [3.97322721e+02, 9.78375067e+00],
        [4.13661811e+02, 9.36017760e+00],
        [4.14752432e+02, 1.10670055e+01],
        [4.11535502e+02, 1.06515588e+01],
        [4.11071391e+02, 1.10850762e+01],
        [4.12449070e+02, 1.26350916e+01],
        [4.14955671e+02, 1.00791393e+01],
        [4.13288637e+02, 6.06455664e+00],
        [4.02839062e+02, 1.22562429e+01],
        [4.11922501e+02, 1.08071180e+01],
        [4.10384346e+02, 1.15135129e+01],
        [-8.89621016e+02, 7.75663566e+00],
        [4.11393185e+02, 3.36918675e+00],
        [4.12348272e+02, 1.16990838e+01],
        [4.12729860e+02, 7.59462649e+00],
        [4.09665064e+02, 8.77464560e+00],
        [4.16034710e+02, 4.49707346e+00],
        [-3.31150887e+01, -1.57027921e+01],
        [4.14732380e+02, 1.13561281e+01],
        [4.12454138e+02, 7.76661455e+00],
        [4.08791244e+02, -1.99423773e+00],
        [4.16166006e+02, -6.34005172e+02],
        [-4.64870297e+04, -2.17220114e+00],
        [3.96107867e+02, 9.43374424e+00],
        [4.14171838e+02, 9.25520163e+00],
        [4.15284365e+02, 1.15682938e+01],
        [4.13682653e+02, 1.02737671e+01],
        [3.61505149e+02, 7.45790717e+00],
        [4.14124324e+02, 1.13890860e+01],
        [4.15147364e+02, 1.13127192e+01],
        [4.12312442e+02, 1.09672965e+01],
        [4.13662748e+02, 9.64427505e+00],
        [4.16034507e+02, 6.29873470e+00],
        [4.02281169e+02, 7.38384226e+00],
        [4.13850144e+02, 1.22957792e+01],
        [4.14618296e+02, -2.98269131e+00],
        [4.14365543e+02, 1.05317889e+01],
        [4.00938703e+02, 1.09124697e+01],
        [4.14785648e+02, 1.52201216e+00],
        [4.04157327e+02, 1.15083336e+01],
        [4.16044186e+02, -4.04763004e+01],
        [4.11548706e+02, 9.79592077e+00],
        [4.13808502e+02, 1.06888568e+01],
        [4.14540376e+02, 6.72578194e+00],
        [4.06327344e+02, 1.15306355e+01],
        [3.81790390e+02, 1.17255348e+01],
        [4.13524746e+02, 5.13851234e+00],
        [4.10009768e+02, 9.47995080e+00],
        [-4.81631930e+02, 1.16117627e+01],
        [4.13408607e+02, 5.95426033e+00],
        [4.04617969e+02, 1.28906085e+01],
        [4.13272690e+02, 5.23489324e+00],
        [4.12850443e+02, -9.01438504e+01],
        [4.05268398e+02, -3.35648159e+00],
        [3.35772537e+02, 1.07748064e+01],
        [4.06276941e+02, 1.06752098e+01],
        [4.16031559e+02, 1.21895487e+01],
        [2.77951142e+02, -3.49111534e+02],
        [4.16090512e+02, -2.66929887e+02],
        [4.15472402e+02, 1.13616674e+01],
        [4.10735654e+02, 1.00483245e+01],
        [4.16031862e+02, 1.19564719e+01],
        [3.89933824e+02, 4.65712919e+00],
        [-2.51688724e+04, 2.57377589e+00],
        [4.14436529e+02, -2.50529600e+01],
        [4.12104360e+02, 6.17101563e+00],
        [4.14926139e+02, -1.53084261e+00],
        [4.03472701e+02, 1.02346452e+01],
        [4.07448291e+02, 1.16170736e+01],
        [4.10391319e+02, 1.16509856e+01],
        [4.07038391e+02, 1.12130308e+01],
        [4.12149114e+02, -6.81866121e+00],
        [-3.43364686e+03, 6.56466163e+00],
        [4.10667287e+02, 1.15790645e+01],
        [4.11852100e+02, 7.85952978e+00],
        [4.09228205e+02, 1.20695143e+01],
        [4.16033517e+02, 1.04738538e+01],
        [4.13791467e+02, -3.93743516e+01],
        [4.16033288e+02, 1.14784492e+01],
        [4.11307536e+02, 1.06833416e+01],
        [4.14711416e+02, 1.12264543e+01],
        [4.13261261e+02, 1.18552546e+01],
        [4.12445218e+02, 1.20106856e+01],
        [4.16033758e+02, 9.45356565e+00],
        [4.11967434e+02, 1.12602151e+01],
        [4.10568282e+02, 1.17283797e+01],
        [4.16037408e+02, -8.88472698e+00],
        [4.16034063e+02, 7.96416258e+00],
        [4.13496324e+02, 1.15580594e+01],
        [4.12787116e+02, 3.15639739e+00],
        [3.25470754e+02, 9.44243163e+00],
        [4.13749407e+02, 1.11808457e+01],
        [3.42621032e+02, 8.16816716e+00],
        [4.11434736e+02, 9.77983999e+00],
        [4.16034373e+02, 6.25598970e+00],
        [4.14866374e+02, 6.73704731e+00],
        [4.00131600e+02, 1.02733172e+01],
        [4.13660557e+02, 5.80802674e+00],
        [4.14525544e+02, 1.05325353e+01],
        [4.13310444e+02, 1.10935782e+01],
        [4.14786584e+02, 1.06184976e+01],
        [4.09629000e+02, 1.20844063e+01],
        [4.10126572e+02, 1.04118328e+01],
        [4.14472766e+02, 9.57183677e+00],
        [4.16034090e+02, 8.77846038e+00],
        [4.09239802e+02, 9.54465781e+00],
        [4.02041438e+02, 1.08737813e+01],
        [-1.53998855e+02, 7.75042627e+00],
        [4.16034353e+02, 6.61420738e+00],
        [4.04227670e+02, 1.12328019e+01],
        [4.16033875e+02, 1.28378936e+01],
        [3.94992443e+02, 1.10128654e+01],
        [4.16042269e+02, -2.95504460e+01],
        [4.14771521e+02, 1.06519061e+01],
        [4.16035412e+02, 1.02206422e+01],
        [3.70733753e+02, -4.31902483e+00],
        [3.99925857e+02, 8.95200950e+00],
        [4.16033416e+02, 1.07926163e+01],
